{
    "mean": {
        "temperature": 12.133750000000001,
        "humidity": 54.8125,
        "wind_speed": 4.24375,
        "pressure": 1020.25,
        "clouds": 55.625,
        "aqi": 3.375,
        "co": 693.8587500000001,
        "no2": 54.68625,
        "o3": 40.505,
        "so2": 35.0625,
        "pm2_5": 44.45,
        "pm10": 67.85499999999999,
        "temperature_rolling_mean_6h": 12.126875,
        "humidity_rolling_mean_6h": 55.34375,
        "wind_speed_rolling_mean_6h": 4.214375,
        "aqi_rolling_mean_6h": 3.375,
        "co_rolling_mean_6h": 693.8587500000001,
        "no2_rolling_mean_6h": 54.68625,
        "pm2_5_rolling_mean_6h": 44.45,
        "pm10_rolling_mean_6h": 67.85499999999999,
        "aqi_lag_1h": 3.375,
        "aqi_lag_3h": 3.375,
        "aqi_lag_6h": 3.375
    },
    "scale": {
        "temperature": 12.42116936675046,
        "humidity": 26.065347566261227,
        "wind_speed": 2.4915478999007825,
        "pressure": 10.328964130056798,
        "clouds": 45.09971590819614,
        "aqi": 1.3169567191065923,
        "co": 296.92173284543776,
        "no2": 32.21420646915737,
        "o3": 50.69148967035788,
        "so2": 23.517553949124895,
        "pm2_5": 34.03057375361162,
        "pm10": 51.08927578269239,
        "temperature_rolling_mean_6h": 12.373679080385713,
        "humidity_rolling_mean_6h": 25.578750183257586,
        "wind_speed_rolling_mean_6h": 2.473487463961562,
        "aqi_rolling_mean_6h": 1.3169567191065923,
        "co_rolling_mean_6h": 296.92173284543776,
        "no2_rolling_mean_6h": 32.21420646915737,
        "pm2_5_rolling_mean_6h": 34.03057375361162,
        "pm10_rolling_mean_6h": 51.08927578269239,
        "aqi_lag_1h": 0.9312290266094587,
        "aqi_lag_3h": 1.0,
        "aqi_lag_6h": 1.0
    }
}